{"count":1,"self":25.269035199999998,"total":26.3262906,"children":{"InitializeActuators":{"count":10,"self":0.0009983,"total":0.0009983,"children":null},"InitializeSensors":{"count":10,"self":0.0039892999999999994,"total":0.0039892999999999994,"children":null},"AgentSendState":{"count":1045,"self":0.10984089999999999,"total":0.1357322,"children":{"CollectObservations":{"count":1510,"self":0.0019695999999999997,"total":0.0019695999999999997,"children":null},"WriteActionMask":{"count":1510,"self":0.0009977,"total":0.0009977,"children":null},"RequestDecision":{"count":1510,"self":0.022924,"total":0.022924,"children":null}}},"DecideAction":{"count":1045,"self":0.86668479999999992,"total":0.8737882,"children":{"RayPerceptionSensor.Perceive":{"count":1510,"self":0.0071033999999999993,"total":0.0071033999999999993,"children":null}}},"AgentAct":{"count":1045,"self":0.0407519,"total":0.0407519,"children":null}},"gauges":{"AgentAlpha.CumulativeReward":{"count":495,"max":1,"min":-0.122000128,"runningAverage":0.993186,"value":0.9992,"weightedAverage":0.998977065}},"metadata":{"timer_format_version":"0.1.0","start_time_seconds":"1643708030","unity_version":"2021.1.19f1","command_line_arguments":"C:\\Program Files\\Unity\\Hub\\Editor\\2021.1.19f1\\Editor\\Unity.exe -projectpath D:\/unity projects\/ProjectAgentAlpha -useHub -hubIPC -cloudEnvironment production -hubSessionId 5d0170d0-7cf5-11ec-a175-e3dfa1de53a6","communication_protocol_version":"1.5.0","com.unity.ml-agents_version":"2.1.0-exp.1","scene_name":"GameScene","end_time_seconds":"1643708056"}}