{"count":1,"self":24.7548784,"total":25.309855,"children":{"InitializeActuators":{"count":20,"self":0.0020001,"total":0.0020001,"children":null},"InitializeSensors":{"count":20,"self":0.0040003999999999994,"total":0.0040003999999999994,"children":null},"AgentSendState":{"count":1072,"self":0.089017699999999991,"total":0.10502059999999999,"children":{"CollectObservations":{"count":2270,"self":0.0030001999999999997,"total":0.0030001999999999997,"children":null},"WriteActionMask":{"count":2270,"self":0.0030003,"total":0.0030003,"children":null},"RequestDecision":{"count":2270,"self":0.0100024,"total":0.0100024,"children":null}}},"DecideAction":{"count":1072,"self":0.4209499,"total":0.4279514,"children":{"RayPerceptionSensor.Perceive":{"count":2270,"self":0.0070015,"total":0.0070015,"children":null}}},"AgentAct":{"count":1072,"self":0.015003599999999999,"total":0.015003599999999999,"children":null}},"gauges":{"AgentAlpha.CumulativeReward":{"count":18,"max":1,"min":-0.0890009552,"runningAverage":0.8049332,"value":0.999,"weightedAverage":0.834086835}},"metadata":{"timer_format_version":"0.1.0","start_time_seconds":"1642583399","unity_version":"2021.1.19f1","command_line_arguments":"D:\\program files\\Unity\\2021.1.19f1\\Editor\\Unity.exe -projectpath D:\/unity Projects\/ProjectAgentAlpha -useHub -hubIPC -cloudEnvironment production -hubSessionId 69eaa8f0-7900-11ec-9bed-a358fa1a2af9","communication_protocol_version":"1.5.0","com.unity.ml-agents_version":"2.1.0-exp.1","scene_name":"GameScene","end_time_seconds":"1642583424"}}