{"count":1,"self":1722.389504,"total":10141.3447963,"children":{"InitializeActuators":{"count":9,"self":0.0020006,"total":0.0020006,"children":null},"InitializeSensors":{"count":9,"self":0.0030007999999999996,"total":0.0030007999999999996,"children":null},"AgentSendState":{"count":4116884,"self":306.8419584,"total":540.4699432,"children":{"CollectObservations":{"count":7410393,"self":9.3475696,"total":9.3475694999999988,"children":null},"WriteActionMask":{"count":7410393,"self":4.0766767999999995,"total":4.0766767,"children":null},"RequestDecision":{"count":7410393,"self":12.8872872,"total":220.20374859999998,"children":{"AgentInfo.ToProto":{"count":7410393,"self":12.8378608,"total":207.3164612,"children":{"GenerateSensorData":{"count":7410393,"self":172.9625088,"total":194.4786001,"children":{"RayPerceptionSensor.Perceive":{"count":7410393,"self":21.5160928,"total":21.516092999999998,"children":null}}}}}}}}},"DecideAction":{"count":4116884,"self":7825.698816,"total":7825.6989444,"children":null},"AgentAct":{"count":4116884,"self":51.9593152,"total":52.1446641,"children":{"AgentInfo.ToProto":{"count":4599,"self":0.022004,"total":0.1853496,"children":{"GenerateSensorData":{"count":4599,"self":0.14834509999999998,"total":0.16334559999999998,"children":{"RayPerceptionSensor.Perceive":{"count":4599,"self":0.0150005,"total":0.0150005,"children":null}}}}}}},"AgentInfo.ToProto":{"count":16511,"self":0.0650153,"total":0.6366761,"children":{"GenerateSensorData":{"count":16511,"self":0.5086444,"total":0.5716608,"children":{"RayPerceptionSensor.Perceive":{"count":16511,"self":0.0630164,"total":0.0630164,"children":null}}}}}},"gauges":{"AgentAlpha.CumulativeReward":{"count":21110,"max":0.978000045,"min":-42.8986053,"runningAverage":-4.20581245,"value":0.8737999,"weightedAverage":-1.36445546}},"metadata":{"timer_format_version":"0.1.0","start_time_seconds":"1638800761","unity_version":"2021.1.19f1","command_line_arguments":"D:\\program files\\Unity\\2021.1.19f1\\Editor\\Unity.exe -projectpath D:\/unity Projects\/ProjectAgentAlpha -useHub -hubIPC -cloudEnvironment production -hubSessionId 409fd290-566e-11ec-9946-f17a1df72556","communication_protocol_version":"1.5.0","com.unity.ml-agents_version":"2.1.0-exp.1","scene_name":"TestScene","end_time_seconds":"1638810902"}}