{"count":1,"self":2642.507776,"total":14982.8462095,"children":{"InitializeActuators":{"count":9,"self":0.002003,"total":0.002003,"children":null},"InitializeSensors":{"count":9,"self":0.003914,"total":0.003914,"children":null},"AgentSendState":{"count":5271317,"self":378.56821759999997,"total":713.1990165,"children":{"CollectObservations":{"count":9488376,"self":19.1477952,"total":19.147794899999997,"children":null},"WriteActionMask":{"count":9488376,"self":8.7492624,"total":8.7492625,"children":null},"RequestDecision":{"count":9488376,"self":28.593001599999997,"total":306.7337369,"children":{"AgentInfo.ToProto":{"count":9488376,"self":29.397065599999998,"total":278.1407355,"children":{"GenerateSensorData":{"count":9488376,"self":225.29397759999998,"total":248.74366959999998,"children":{"RayPerceptionSensor.Perceive":{"count":9488376,"self":23.4496832,"total":23.4496829,"children":null}}}}}}}}},"DecideAction":{"count":5271317,"self":11516.104704,"total":11516.1045455,"children":null},"AgentAct":{"count":5271317,"self":110.518784,"total":110.867712,"children":{"AgentInfo.ToProto":{"count":7711,"self":0.0367022,"total":0.3489233,"children":{"GenerateSensorData":{"count":7711,"self":0.2884008,"total":0.3122211,"children":{"RayPerceptionSensor.Perceive":{"count":7711,"self":0.0238203,"total":0.0238203,"children":null}}}}}}},"AgentInfo.ToProto":{"count":3016,"self":0.021951,"total":0.1603036,"children":{"GenerateSensorData":{"count":3016,"self":0.13140459999999998,"total":0.1383526,"children":{"RayPerceptionSensor.Perceive":{"count":3016,"self":0.0069479999999999993,"total":0.0069479999999999993,"children":null}}}}}},"gauges":{"AgentAlpha.CumulativeReward":{"count":10727,"max":0.968800068,"min":-158.495255,"runningAverage":-23.3477421,"value":-0.99994123,"weightedAverage":-1.11180723}},"metadata":{"timer_format_version":"0.1.0","start_time_seconds":"1638360374","unity_version":"2021.1.19f1","command_line_arguments":"C:\\Program Files\\Unity\\Hub\\Editor\\2021.1.19f1\\Editor\\Unity.exe -projectpath D:\/unity projects\/ProjectAgentAlpha -useHub -hubIPC -cloudEnvironment production -hubSessionId e2896140-529d-11ec-aea5-d3a55ad61e1f -accessToken WKetmjWt6dIhUE56YwUirl3--YtO1RYgZWfzQh8NCCs008f","communication_protocol_version":"1.5.0","com.unity.ml-agents_version":"2.1.0-exp.1","scene_name":"TestScene","end_time_seconds":"1638375356"}}