{"count":1,"self":1689.4815231999999,"total":7331.5290404,"children":{"InitializeActuators":{"count":9,"self":0.0010004999999999999,"total":0.0010004999999999999,"children":null},"InitializeSensors":{"count":9,"self":0.0020004,"total":0.0020004,"children":null},"AgentSendState":{"count":4590967,"self":184.0918912,"total":377.162085,"children":{"CollectObservations":{"count":8263746,"self":9.9792104,"total":9.9792104999999989,"children":null},"WriteActionMask":{"count":8263746,"self":4.8744644,"total":4.8744644,"children":null},"RequestDecision":{"count":8263746,"self":15.2980112,"total":178.2165129,"children":{"AgentInfo.ToProto":{"count":8263746,"self":15.582179199999999,"total":162.9185022,"children":{"GenerateSensorData":{"count":8263746,"self":135.21410559999998,"total":147.3363231,"children":{"RayPerceptionSensor.Perceive":{"count":8263746,"self":12.1222208,"total":12.1222205,"children":null}}}}}}}}},"DecideAction":{"count":4590967,"self":5214.8969472,"total":5214.8968049999994,"children":null},"AgentAct":{"count":4590967,"self":49.487142399999996,"total":49.5411493,"children":{"AgentInfo.ToProto":{"count":2332,"self":0.0069952999999999994,"total":0.0540063,"children":{"GenerateSensorData":{"count":2332,"self":0.0440097,"total":0.047011,"children":{"RayPerceptionSensor.Perceive":{"count":2332,"self":0.0030012999999999997,"total":0.0030012999999999997,"children":null}}}}}}},"AgentInfo.ToProto":{"count":15638,"self":0.0770179,"total":0.4434979,"children":{"GenerateSensorData":{"count":15638,"self":0.33314299999999997,"total":0.36648,"children":{"RayPerceptionSensor.Perceive":{"count":15638,"self":0.033337,"total":0.033337,"children":null}}}}}},"gauges":{"AgentAlpha.CumulativeReward":{"count":17970,"max":0.976600051,"min":-17.8005238,"runningAverage":-4.72218943,"value":-8.033587,"weightedAverage":-7.15638447}},"metadata":{"timer_format_version":"0.1.0","start_time_seconds":"1637823642","unity_version":"2021.1.19f1","command_line_arguments":"D:\\program files\\Unity\\2021.1.19f1\\Editor\\Unity.exe -projectpath D:\/unity Projects\/ProjectAgentAlpha -useHub -hubIPC -cloudEnvironment production -hubSessionId 7b225240-4dbc-11ec-a21a-25ca4378826a","communication_protocol_version":"1.5.0","com.unity.ml-agents_version":"2.1.0-exp.1","scene_name":"TestScene","end_time_seconds":"1637830973"}}