{"count":1,"self":2959.1687168,"total":15030.6865779,"children":{"InitializeActuators":{"count":9,"self":0.0009968,"total":0.0009968,"children":null},"InitializeSensors":{"count":9,"self":0.0029919,"total":0.0029919,"children":null},"AgentSendState":{"count":4367984,"self":610.133504,"total":2819.4368442,"children":{"CollectObservations":{"count":7862373,"self":19.188417599999998,"total":19.188417899999997,"children":null},"WriteActionMask":{"count":7862373,"self":8.7764592,"total":8.7764589,"children":null},"RequestDecision":{"count":7862373,"self":30.064092799999997,"total":2181.3384643,"children":{"AgentInfo.ToProto":{"count":7862373,"self":35.836969599999996,"total":2151.2743705,"children":{"GenerateSensorData":{"count":7862373,"self":2080.0415743999997,"total":2115.4374015999997,"children":{"RayPerceptionSensor.Perceive":{"count":7862373,"self":35.395807999999995,"total":35.3958096,"children":null}}}}}}}}},"DecideAction":{"count":4367984,"self":9104.111206399999,"total":9104.1114201,"children":null},"AgentAct":{"count":4367984,"self":93.683942399999992,"total":93.7310821,"children":{"AgentInfo.ToProto":{"count":112,"self":0.0019962,"total":0.0471425,"children":{"GenerateSensorData":{"count":112,"self":0.0441492,"total":0.0451463,"children":{"RayPerceptionSensor.Perceive":{"count":112,"self":0.0009971,"total":0.0009971,"children":null}}}}}}},"AgentInfo.ToProto":{"count":151412,"self":1.1125867,"total":54.229975499999995,"children":{"GenerateSensorData":{"count":151412,"self":52.4164416,"total":53.1173888,"children":{"RayPerceptionSensor.Perceive":{"count":151412,"self":0.7009461,"total":0.7009461,"children":null}}}}}},"gauges":{"AgentAlpha.CumulativeReward":{"count":151524,"max":0.978000045,"min":-124.988182,"runningAverage":0.6450903,"value":0.971600056,"weightedAverage":0.86480844}},"metadata":{"timer_format_version":"0.1.0","start_time_seconds":"1643035499","unity_version":"2021.1.19f1","command_line_arguments":"C:\\Program Files\\Unity\\Hub\\Editor\\2021.1.19f1\\Editor\\Unity.exe -projectpath D:\/unity projects\/ProjectAgentAlpha -useHub -hubIPC -cloudEnvironment production -hubSessionId 5d0170d0-7cf5-11ec-a175-e3dfa1de53a6","communication_protocol_version":"1.5.0","com.unity.ml-agents_version":"2.1.0-exp.1","scene_name":"TestScene","end_time_seconds":"1643050529"}}