{"count":1,"self":6361.5561727999993,"total":22186.8637661,"children":{"InitializeActuators":{"count":9,"self":0.001,"total":0.001,"children":null},"InitializeSensors":{"count":9,"self":0.0020004,"total":0.0020004,"children":null},"AgentSendState":{"count":13165301,"self":1245.3003264,"total":2057.9967008,"children":{"CollectObservations":{"count":23697549,"self":32.046371199999996,"total":32.0463697,"children":null},"WriteActionMask":{"count":23697549,"self":13.7877344,"total":13.787734299999999,"children":null},"RequestDecision":{"count":23697549,"self":45.1833216,"total":766.8622803,"children":{"AgentInfo.ToProto":{"count":23697549,"self":46.002288,"total":721.6789589,"children":{"GenerateSensorData":{"count":23697549,"self":604.8990208,"total":675.6766701,"children":{"RayPerceptionSensor.Perceive":{"count":23697549,"self":70.7776576,"total":70.7776597,"children":null}}}}}}}}},"DecideAction":{"count":13165301,"self":13573.780275199999,"total":13573.780604599999,"children":null},"AgentAct":{"count":13165301,"self":172.1335552,"total":172.233598,"children":{"AgentInfo.ToProto":{"count":2199,"self":0.008002,"total":0.1000394,"children":{"GenerateSensorData":{"count":2199,"self":0.0830355,"total":0.092037399999999991,"children":{"RayPerceptionSensor.Perceive":{"count":2199,"self":0.0090019,"total":0.0090019,"children":null}}}}}}},"AgentInfo.ToProto":{"count":530700,"self":2.1164335999999997,"total":21.2938871,"children":{"GenerateSensorData":{"count":530700,"self":17.432990399999998,"total":19.1774536,"children":{"RayPerceptionSensor.Perceive":{"count":530700,"self":1.7444625999999999,"total":1.7444625999999999,"children":null}}}}}},"gauges":{"AgentAlpha.CumulativeReward":{"count":532899,"max":0.978000045,"min":-165.494019,"runningAverage":0.6893184,"value":0.9764,"weightedAverage":0.371688634}},"metadata":{"timer_format_version":"0.1.0","start_time_seconds":"1639390016","unity_version":"2021.1.19f1","command_line_arguments":"D:\\program files\\Unity\\2021.1.19f1\\Editor\\Unity.exe -projectpath G:\/unity projects\/ProjectAgentAlpha -useHub -hubIPC -cloudEnvironment production -hubSessionId 0d4e1d90-5bee-11ec-8da3-c18e491979a5","communication_protocol_version":"1.5.0","com.unity.ml-agents_version":"2.1.0-exp.1","scene_name":"TrainingScene","end_time_seconds":"1639412203"}}